<?xml version="1.0"?>
<!DOCTYPE BlastOutput PUBLIC "-//NCBI//NCBI BlastOutput/EN" "http://www.ncbi.nlm.nih.gov/dtd/NCBI_BlastOutput.dtd">
<BlastOutput>
  <BlastOutput_program>blastn</BlastOutput_program>
  <BlastOutput_version>BLASTN 2.15.0+</BlastOutput_version>
  <BlastOutput_reference>Zheng Zhang, Scott Schwartz, Lukas Wagner, and Webb Miller (2000), &quot;A greedy algorithm for aligning DNA sequences&quot;, J Comput Biol 2000; 7(1-2):203-14.</BlastOutput_reference>
  <BlastOutput_db>current/aliasdb</BlastOutput_db>
  <BlastOutput_query-ID>Query_1</BlastOutput_query-ID>
  <BlastOutput_query-def>NC_062188.1 Vespa velutina chromosome 1, iVesVel2.1, whole genome shotgun sequence</BlastOutput_query-def>
  <BlastOutput_query-len>20680104</BlastOutput_query-len>
  <BlastOutput_param>
    <Parameters>
      <Parameters_expect>10</Parameters_expect>
      <Parameters_sc-match>1</Parameters_sc-match>
      <Parameters_sc-mismatch>-2</Parameters_sc-mismatch>
      <Parameters_gap-open>0</Parameters_gap-open>
      <Parameters_gap-extend>0</Parameters_gap-extend>
      <Parameters_filter>L;m;</Parameters_filter>
    </Parameters>
  </BlastOutput_param>
<BlastOutput_iterations>
<Iteration>
  <Iteration_iter-num>1</Iteration_iter-num>
  <Iteration_query-ID>Query_1</Iteration_query-ID>
  <Iteration_query-def>NC_062188.1 Vespa velutina chromosome 1, iVesVel2.1, whole genome shotgun sequence</Iteration_query-def>
  <Iteration_query-len>20680104</Iteration_query-len>
<Iteration_hits>
</Iteration_hits>
  <Iteration_stat>
    <Statistics>
      <Statistics_db-num>6867</Statistics_db-num>
      <Statistics_db-len>985383</Statistics_db-len>
      <Statistics_hsp-len>32</Statistics_hsp-len>
      <Statistics_eff-space>15833469646008</Statistics_eff-space>
      <Statistics_kappa>0.46</Statistics_kappa>
      <Statistics_lambda>1.28</Statistics_lambda>
      <Statistics_entropy>0.85</Statistics_entropy>
    </Statistics>
  </Iteration_stat>
  <Iteration_message>No hits found</Iteration_message>
</Iteration>
<Iteration>
  <Iteration_iter-num>2</Iteration_iter-num>
  <Iteration_query-ID>Query_2</Iteration_query-ID>
  <Iteration_query-def>NC_062189.1 Vespa velutina chromosome 2, iVesVel2.1, whole genome shotgun sequence</Iteration_query-def>
  <Iteration_query-len>19840172</Iteration_query-len>
<Iteration_hits>
</Iteration_hits>
  <Iteration_stat>
    <Statistics>
      <Statistics_db-num>6867</Statistics_db-num>
      <Statistics_db-len>985383</Statistics_db-len>
      <Statistics_hsp-len>32</Statistics_hsp-len>
      <Statistics_eff-space>15190384949460</Statistics_eff-space>
      <Statistics_kappa>0.46</Statistics_kappa>
      <Statistics_lambda>1.28</Statistics_lambda>
      <Statistics_entropy>0.85</Statistics_entropy>
    </Statistics>
  </Iteration_stat>
  <Iteration_message>No hits found</Iteration_message>
</Iteration>
<Iteration>
  <Iteration_iter-num>3</Iteration_iter-num>
  <Iteration_query-ID>Query_3</Iteration_query-ID>
  <Iteration_query-def>NC_062190.1 Vespa velutina chromosome 3, iVesVel2.1, whole genome shotgun sequence</Iteration_query-def>
  <Iteration_query-len>12299307</Iteration_query-len>
<Iteration_hits>
</Iteration_hits>
  <Iteration_stat>
    <Statistics>
      <Statistics_db-num>6867</Statistics_db-num>
      <Statistics_db-len>985383</Statistics_db-len>
      <Statistics_hsp-len>32</Statistics_hsp-len>
      <Statistics_eff-space>9416804611725</Statistics_eff-space>
      <Statistics_kappa>0.46</Statistics_kappa>
      <Statistics_lambda>1.28</Statistics_lambda>
      <Statistics_entropy>0.85</Statistics_entropy>
    </Statistics>
  </Iteration_stat>
  <Iteration_message>No hits found</Iteration_message>
</Iteration>
<Iteration>
  <Iteration_iter-num>4</Iteration_iter-num>
  <Iteration_query-ID>Query_4</Iteration_query-ID>
  <Iteration_query-def>NC_062191.1 Vespa velutina chromosome 4, iVesVel2.1, whole genome shotgun sequence</Iteration_query-def>
  <Iteration_query-len>11138020</Iteration_query-len>
<Iteration_hits>
</Iteration_hits>
  <Iteration_stat>
    <Statistics>
      <Statistics_db-num>6867</Statistics_db-num>
      <Statistics_db-len>985383</Statistics_db-len>
      <Statistics_hsp-len>31</Statistics_hsp-len>
      <Statistics_eff-space>8604163330434</Statistics_eff-space>
      <Statistics_kappa>0.46</Statistics_kappa>
      <Statistics_lambda>1.28</Statistics_lambda>
      <Statistics_entropy>0.85</Statistics_entropy>
    </Statistics>
  </Iteration_stat>
  <Iteration_message>No hits found</Iteration_message>
</Iteration>
<Iteration>
  <Iteration_iter-num>5</Iteration_iter-num>
  <Iteration_query-ID>Query_5</Iteration_query-ID>
  <Iteration_query-def>NC_062192.1 Vespa velutina chromosome 5, iVesVel2.1, whole genome shotgun sequence</Iteration_query-def>
  <Iteration_query-len>9960006</Iteration_query-len>
<Iteration_hits>
</Iteration_hits>
  <Iteration_stat>
    <Statistics>
      <Statistics_db-num>6867</Statistics_db-num>
      <Statistics_db-len>985383</Statistics_db-len>
      <Statistics_hsp-len>31</Statistics_hsp-len>
      <Statistics_eff-space>7694140447350</Statistics_eff-space>
      <Statistics_kappa>0.46</Statistics_kappa>
      <Statistics_lambda>1.28</Statistics_lambda>
      <Statistics_entropy>0.85</Statistics_entropy>
    </Statistics>
  </Iteration_stat>
  <Iteration_message>No hits found</Iteration_message>
</Iteration>
<Iteration>
  <Iteration_iter-num>6</Iteration_iter-num>
  <Iteration_query-ID>Query_6</Iteration_query-ID>
  <Iteration_query-def>NC_062193.1 Vespa velutina chromosome 6, iVesVel2.1, whole genome shotgun sequence</Iteration_query-def>
  <Iteration_query-len>9794167</Iteration_query-len>
<Iteration_hits>
</Iteration_hits>
  <Iteration_stat>
    <Statistics>
      <Statistics_db-num>6867</Statistics_db-num>
      <Statistics_db-len>985383</Statistics_db-len>
      <Statistics_hsp-len>31</Statistics_hsp-len>
      <Statistics_eff-space>7566028824816</Statistics_eff-space>
      <Statistics_kappa>0.46</Statistics_kappa>
      <Statistics_lambda>1.28</Statistics_lambda>
      <Statistics_entropy>0.85</Statistics_entropy>
    </Statistics>
  </Iteration_stat>
  <Iteration_message>No hits found</Iteration_message>
</Iteration>
<Iteration>
  <Iteration_iter-num>7</Iteration_iter-num>
  <Iteration_query-ID>Query_7</Iteration_query-ID>
  <Iteration_query-def>NC_062194.1 Vespa velutina chromosome 7, iVesVel2.1, whole genome shotgun sequence</Iteration_query-def>
  <Iteration_query-len>9284653</Iteration_query-len>
<Iteration_hits>
</Iteration_hits>
  <Iteration_stat>
    <Statistics>
      <Statistics_db-num>6867</Statistics_db-num>
      <Statistics_db-len>985383</Statistics_db-len>
      <Statistics_hsp-len>31</Statistics_hsp-len>
      <Statistics_eff-space>7172426202732</Statistics_eff-space>
      <Statistics_kappa>0.46</Statistics_kappa>
      <Statistics_lambda>1.28</Statistics_lambda>
      <Statistics_entropy>0.85</Statistics_entropy>
    </Statistics>
  </Iteration_stat>
  <Iteration_message>No hits found</Iteration_message>
</Iteration>
<Iteration>
  <Iteration_iter-num>8</Iteration_iter-num>
  <Iteration_query-ID>Query_8</Iteration_query-ID>
  <Iteration_query-def>NC_062195.1 Vespa velutina chromosome 8, iVesVel2.1, whole genome shotgun sequence</Iteration_query-def>
  <Iteration_query-len>9190824</Iteration_query-len>
<Iteration_hits>
</Iteration_hits>
  <Iteration_stat>
    <Statistics>
      <Statistics_db-num>6867</Statistics_db-num>
      <Statistics_db-len>985383</Statistics_db-len>
      <Statistics_hsp-len>31</Statistics_hsp-len>
      <Statistics_eff-space>7099942737258</Statistics_eff-space>
      <Statistics_kappa>0.46</Statistics_kappa>
      <Statistics_lambda>1.28</Statistics_lambda>
      <Statistics_entropy>0.85</Statistics_entropy>
    </Statistics>
  </Iteration_stat>
  <Iteration_message>No hits found</Iteration_message>
</Iteration>
<Iteration>
  <Iteration_iter-num>9</Iteration_iter-num>
  <Iteration_query-ID>Query_9</Iteration_query-ID>
  <Iteration_query-def>NC_062196.1 Vespa velutina chromosome 9, iVesVel2.1, whole genome shotgun sequence</Iteration_query-def>
  <Iteration_query-len>9073616</Iteration_query-len>
<Iteration_hits>
</Iteration_hits>
  <Iteration_stat>
    <Statistics>
      <Statistics_db-num>6867</Statistics_db-num>
      <Statistics_db-len>985383</Statistics_db-len>
      <Statistics_hsp-len>31</Statistics_hsp-len>
      <Statistics_eff-space>7009398854010</Statistics_eff-space>
      <Statistics_kappa>0.46</Statistics_kappa>
      <Statistics_lambda>1.28</Statistics_lambda>
      <Statistics_entropy>0.85</Statistics_entropy>
    </Statistics>
  </Iteration_stat>
  <Iteration_message>No hits found</Iteration_message>
</Iteration>
<Iteration>
  <Iteration_iter-num>10</Iteration_iter-num>
  <Iteration_query-ID>Query_10</Iteration_query-ID>
  <Iteration_query-def>NC_062197.1 Vespa velutina chromosome 10, iVesVel2.1, whole genome shotgun sequence</Iteration_query-def>
  <Iteration_query-len>8797367</Iteration_query-len>
<Iteration_hits>
</Iteration_hits>
  <Iteration_stat>
    <Statistics>
      <Statistics_db-num>6867</Statistics_db-num>
      <Statistics_db-len>985383</Statistics_db-len>
      <Statistics_hsp-len>31</Statistics_hsp-len>
      <Statistics_eff-space>6795994844016</Statistics_eff-space>
      <Statistics_kappa>0.46</Statistics_kappa>
      <Statistics_lambda>1.28</Statistics_lambda>
      <Statistics_entropy>0.85</Statistics_entropy>
    </Statistics>
  </Iteration_stat>
  <Iteration_message>No hits found</Iteration_message>
</Iteration>
<Iteration>
  <Iteration_iter-num>11</Iteration_iter-num>
  <Iteration_query-ID>Query_11</Iteration_query-ID>
  <Iteration_query-def>NC_062198.1 Vespa velutina chromosome 11, iVesVel2.1, whole genome shotgun sequence</Iteration_query-def>
  <Iteration_query-len>7961693</Iteration_query-len>
<Iteration_hits>
</Iteration_hits>
  <Iteration_stat>
    <Statistics>
      <Statistics_db-num>6867</Statistics_db-num>
      <Statistics_db-len>985383</Statistics_db-len>
      <Statistics_hsp-len>31</Statistics_hsp-len>
      <Statistics_eff-space>6150431664972</Statistics_eff-space>
      <Statistics_kappa>0.46</Statistics_kappa>
      <Statistics_lambda>1.28</Statistics_lambda>
      <Statistics_entropy>0.85</Statistics_entropy>
    </Statistics>
  </Iteration_stat>
  <Iteration_message>No hits found</Iteration_message>
</Iteration>
<Iteration>
  <Iteration_iter-num>12</Iteration_iter-num>
  <Iteration_query-ID>Query_12</Iteration_query-ID>
  <Iteration_query-def>NC_062199.1 Vespa velutina chromosome 12, iVesVel2.1, whole genome shotgun sequence</Iteration_query-def>
  <Iteration_query-len>5754390</Iteration_query-len>
<Iteration_hits>
</Iteration_hits>
  <Iteration_stat>
    <Statistics>
      <Statistics_db-num>6867</Statistics_db-num>
      <Statistics_db-len>985383</Statistics_db-len>
      <Statistics_hsp-len>31</Statistics_hsp-len>
      <Statistics_eff-space>4445276853654</Statistics_eff-space>
      <Statistics_kappa>0.46</Statistics_kappa>
      <Statistics_lambda>1.28</Statistics_lambda>
      <Statistics_entropy>0.85</Statistics_entropy>
    </Statistics>
  </Iteration_stat>
  <Iteration_message>No hits found</Iteration_message>
</Iteration>
<Iteration>
  <Iteration_iter-num>13</Iteration_iter-num>
  <Iteration_query-ID>Query_13</Iteration_query-ID>
  <Iteration_query-def>NC_062200.1 Vespa velutina chromosome 13, iVesVel2.1, whole genome shotgun sequence</Iteration_query-def>
  <Iteration_query-len>5613585</Iteration_query-len>
<Iteration_hits>
</Iteration_hits>
  <Iteration_stat>
    <Statistics>
      <Statistics_db-num>6867</Statistics_db-num>
      <Statistics_db-len>985383</Statistics_db-len>
      <Statistics_hsp-len>31</Statistics_hsp-len>
      <Statistics_eff-space>4336504146324</Statistics_eff-space>
      <Statistics_kappa>0.46</Statistics_kappa>
      <Statistics_lambda>1.28</Statistics_lambda>
      <Statistics_entropy>0.85</Statistics_entropy>
    </Statistics>
  </Iteration_stat>
  <Iteration_message>No hits found</Iteration_message>
</Iteration>
<Iteration>
  <Iteration_iter-num>14</Iteration_iter-num>
  <Iteration_query-ID>Query_14</Iteration_query-ID>
  <Iteration_query-def>NC_062201.1 Vespa velutina chromosome 14, iVesVel2.1, whole genome shotgun sequence</Iteration_query-def>
  <Iteration_query-len>5479530</Iteration_query-len>
<Iteration_hits>
</Iteration_hits>
  <Iteration_stat>
    <Statistics>
      <Statistics_db-num>6867</Statistics_db-num>
      <Statistics_db-len>985383</Statistics_db-len>
      <Statistics_hsp-len>31</Statistics_hsp-len>
      <Statistics_eff-space>4232945854494</Statistics_eff-space>
      <Statistics_kappa>0.46</Statistics_kappa>
      <Statistics_lambda>1.28</Statistics_lambda>
      <Statistics_entropy>0.85</Statistics_entropy>
    </Statistics>
  </Iteration_stat>
  <Iteration_message>No hits found</Iteration_message>
</Iteration>
<Iteration>
  <Iteration_iter-num>15</Iteration_iter-num>
  <Iteration_query-ID>Query_15</Iteration_query-ID>
  <Iteration_query-def>NC_062202.1 Vespa velutina chromosome 15, iVesVel2.1, whole genome shotgun sequence</Iteration_query-def>
  <Iteration_query-len>5243368</Iteration_query-len>
<Iteration_hits>
</Iteration_hits>
  <Iteration_stat>
    <Statistics>
      <Statistics_db-num>6867</Statistics_db-num>
      <Statistics_db-len>985383</Statistics_db-len>
      <Statistics_hsp-len>31</Statistics_hsp-len>
      <Statistics_eff-space>4050509292522</Statistics_eff-space>
      <Statistics_kappa>0.46</Statistics_kappa>
      <Statistics_lambda>1.28</Statistics_lambda>
      <Statistics_entropy>0.85</Statistics_entropy>
    </Statistics>
  </Iteration_stat>
  <Iteration_message>No hits found</Iteration_message>
</Iteration>
<Iteration>
  <Iteration_iter-num>16</Iteration_iter-num>
  <Iteration_query-ID>Query_16</Iteration_query-ID>
  <Iteration_query-def>NC_062203.1 Vespa velutina chromosome 16, iVesVel2.1, whole genome shotgun sequence</Iteration_query-def>
  <Iteration_query-len>5195131</Iteration_query-len>
<Iteration_hits>
</Iteration_hits>
  <Iteration_stat>
    <Statistics>
      <Statistics_db-num>6867</Statistics_db-num>
      <Statistics_db-len>985383</Statistics_db-len>
      <Statistics_hsp-len>31</Statistics_hsp-len>
      <Statistics_eff-space>4013245920600</Statistics_eff-space>
      <Statistics_kappa>0.46</Statistics_kappa>
      <Statistics_lambda>1.28</Statistics_lambda>
      <Statistics_entropy>0.85</Statistics_entropy>
    </Statistics>
  </Iteration_stat>
  <Iteration_message>No hits found</Iteration_message>
</Iteration>
<Iteration>
  <Iteration_iter-num>17</Iteration_iter-num>
  <Iteration_query-ID>Query_17</Iteration_query-ID>
  <Iteration_query-def>NC_062204.1 Vespa velutina chromosome 17, iVesVel2.1, whole genome shotgun sequence</Iteration_query-def>
  <Iteration_query-len>4610124</Iteration_query-len>
<Iteration_hits>
</Iteration_hits>
  <Iteration_stat>
    <Statistics>
      <Statistics_db-num>6867</Statistics_db-num>
      <Statistics_db-len>985383</Statistics_db-len>
      <Statistics_hsp-len>30</Statistics_hsp-len>
      <Statistics_eff-space>3592982791062</Statistics_eff-space>
      <Statistics_kappa>0.46</Statistics_kappa>
      <Statistics_lambda>1.28</Statistics_lambda>
      <Statistics_entropy>0.85</Statistics_entropy>
    </Statistics>
  </Iteration_stat>
  <Iteration_message>No hits found</Iteration_message>
</Iteration>
<Iteration>
  <Iteration_iter-num>18</Iteration_iter-num>
  <Iteration_query-ID>Query_18</Iteration_query-ID>
  <Iteration_query-def>NC_062205.1 Vespa velutina chromosome 18, iVesVel2.1, whole genome shotgun sequence</Iteration_query-def>
  <Iteration_query-len>4263824</Iteration_query-len>
<Iteration_hits>
</Iteration_hits>
  <Iteration_stat>
    <Statistics>
      <Statistics_db-num>6867</Statistics_db-num>
      <Statistics_db-len>985383</Statistics_db-len>
      <Statistics_hsp-len>30</Statistics_hsp-len>
      <Statistics_eff-space>3592982791062</Statistics_eff-space>
      <Statistics_kappa>0.46</Statistics_kappa>
      <Statistics_lambda>1.28</Statistics_lambda>
      <Statistics_entropy>0.85</Statistics_entropy>
    </Statistics>
  </Iteration_stat>
  <Iteration_message>No hits found</Iteration_message>
</Iteration>
<Iteration>
  <Iteration_iter-num>19</Iteration_iter-num>
  <Iteration_query-ID>Query_19</Iteration_query-ID>
  <Iteration_query-def>NC_062206.1 Vespa velutina chromosome 19, iVesVel2.1, whole genome shotgun sequence</Iteration_query-def>
  <Iteration_query-len>4224241</Iteration_query-len>
<Iteration_hits>
</Iteration_hits>
  <Iteration_stat>
    <Statistics>
      <Statistics_db-num>6867</Statistics_db-num>
      <Statistics_db-len>985383</Statistics_db-len>
      <Statistics_hsp-len>30</Statistics_hsp-len>
      <Statistics_eff-space>3292235999703</Statistics_eff-space>
      <Statistics_kappa>0.46</Statistics_kappa>
      <Statistics_lambda>1.28</Statistics_lambda>
      <Statistics_entropy>0.85</Statistics_entropy>
    </Statistics>
  </Iteration_stat>
  <Iteration_message>No hits found</Iteration_message>
</Iteration>
<Iteration>
  <Iteration_iter-num>20</Iteration_iter-num>
  <Iteration_query-ID>Query_20</Iteration_query-ID>
  <Iteration_query-def>NC_062207.1 Vespa velutina chromosome 20, iVesVel2.1, whole genome shotgun sequence</Iteration_query-def>
  <Iteration_query-len>4188734</Iteration_query-len>
<Iteration_hits>
</Iteration_hits>
  <Iteration_stat>
    <Statistics>
      <Statistics_db-num>6867</Statistics_db-num>
      <Statistics_db-len>985383</Statistics_db-len>
      <Statistics_hsp-len>30</Statistics_hsp-len>
      <Statistics_eff-space>3264562802592</Statistics_eff-space>
      <Statistics_kappa>0.46</Statistics_kappa>
      <Statistics_lambda>1.28</Statistics_lambda>
      <Statistics_entropy>0.85</Statistics_entropy>
    </Statistics>
  </Iteration_stat>
  <Iteration_message>No hits found</Iteration_message>
</Iteration>
<Iteration>
  <Iteration_iter-num>21</Iteration_iter-num>
  <Iteration_query-ID>Query_21</Iteration_query-ID>
  <Iteration_query-def>NC_062208.1 Vespa velutina chromosome 21, iVesVel2.1, whole genome shotgun sequence</Iteration_query-def>
  <Iteration_query-len>4070217</Iteration_query-len>
<Iteration_hits>
</Iteration_hits>
  <Iteration_stat>
    <Statistics>
      <Statistics_db-num>6867</Statistics_db-num>
      <Statistics_db-len>985383</Statistics_db-len>
      <Statistics_hsp-len>30</Statistics_hsp-len>
      <Statistics_eff-space>3264562802592</Statistics_eff-space>
      <Statistics_kappa>0.46</Statistics_kappa>
      <Statistics_lambda>1.28</Statistics_lambda>
      <Statistics_entropy>0.85</Statistics_entropy>
    </Statistics>
  </Iteration_stat>
  <Iteration_message>No hits found</Iteration_message>
</Iteration>
<Iteration>
  <Iteration_iter-num>22</Iteration_iter-num>
  <Iteration_query-ID>Query_22</Iteration_query-ID>
  <Iteration_query-def>NC_062209.1 Vespa velutina chromosome 22, iVesVel2.1, whole genome shotgun sequence</Iteration_query-def>
  <Iteration_query-len>4012874</Iteration_query-len>
<Iteration_hits>
</Iteration_hits>
  <Iteration_stat>
    <Statistics>
      <Statistics_db-num>6867</Statistics_db-num>
      <Statistics_db-len>985383</Statistics_db-len>
      <Statistics_hsp-len>30</Statistics_hsp-len>
      <Statistics_eff-space>3127502266812</Statistics_eff-space>
      <Statistics_kappa>0.46</Statistics_kappa>
      <Statistics_lambda>1.28</Statistics_lambda>
      <Statistics_entropy>0.85</Statistics_entropy>
    </Statistics>
  </Iteration_stat>
  <Iteration_message>No hits found</Iteration_message>
</Iteration>
<Iteration>
  <Iteration_iter-num>23</Iteration_iter-num>
  <Iteration_query-ID>Query_23</Iteration_query-ID>
  <Iteration_query-def>NC_062210.1 Vespa velutina chromosome 23, iVesVel2.1, whole genome shotgun sequence</Iteration_query-def>
  <Iteration_query-len>3761741</Iteration_query-len>
<Iteration_hits>
</Iteration_hits>
  <Iteration_stat>
    <Statistics>
      <Statistics_db-num>6867</Statistics_db-num>
      <Statistics_db-len>985383</Statistics_db-len>
      <Statistics_hsp-len>30</Statistics_hsp-len>
      <Statistics_eff-space>2931775987203</Statistics_eff-space>
      <Statistics_kappa>0.46</Statistics_kappa>
      <Statistics_lambda>1.28</Statistics_lambda>
      <Statistics_entropy>0.85</Statistics_entropy>
    </Statistics>
  </Iteration_stat>
  <Iteration_message>No hits found</Iteration_message>
</Iteration>
<Iteration>
  <Iteration_iter-num>24</Iteration_iter-num>
  <Iteration_query-ID>Query_24</Iteration_query-ID>
  <Iteration_query-def>NC_062211.1 Vespa velutina chromosome 24, iVesVel2.1, whole genome shotgun sequence</Iteration_query-def>
  <Iteration_query-len>3523393</Iteration_query-len>
<Iteration_hits>
</Iteration_hits>
  <Iteration_stat>
    <Statistics>
      <Statistics_db-num>6867</Statistics_db-num>
      <Statistics_db-len>985383</Statistics_db-len>
      <Statistics_hsp-len>30</Statistics_hsp-len>
      <Statistics_eff-space>2931775987203</Statistics_eff-space>
      <Statistics_kappa>0.46</Statistics_kappa>
      <Statistics_lambda>1.28</Statistics_lambda>
      <Statistics_entropy>0.85</Statistics_entropy>
    </Statistics>
  </Iteration_stat>
  <Iteration_message>No hits found</Iteration_message>
</Iteration>
<Iteration>
  <Iteration_iter-num>25</Iteration_iter-num>
  <Iteration_query-ID>Query_25</Iteration_query-ID>
  <Iteration_query-def>NC_062212.1 Vespa velutina chromosome 25, iVesVel2.1, whole genome shotgun sequence</Iteration_query-def>
  <Iteration_query-len>2847915</Iteration_query-len>
<Iteration_hits>
</Iteration_hits>
  <Iteration_stat>
    <Statistics>
      <Statistics_db-num>6867</Statistics_db-num>
      <Statistics_db-len>985383</Statistics_db-len>
      <Statistics_hsp-len>30</Statistics_hsp-len>
      <Statistics_eff-space>2219564676105</Statistics_eff-space>
      <Statistics_kappa>0.46</Statistics_kappa>
      <Statistics_lambda>1.28</Statistics_lambda>
      <Statistics_entropy>0.85</Statistics_entropy>
    </Statistics>
  </Iteration_stat>
  <Iteration_message>No hits found</Iteration_message>
</Iteration>
<Iteration>
  <Iteration_iter-num>26</Iteration_iter-num>
  <Iteration_query-ID>Query_26</Iteration_query-ID>
  <Iteration_query-def>NW_025920065.1 Vespa velutina unplaced genomic scaffold, iVesVel2.1, whole genome shotgun sequence</Iteration_query-def>
  <Iteration_query-len>65240</Iteration_query-len>
<Iteration_hits>
</Iteration_hits>
  <Iteration_stat>
    <Statistics>
      <Statistics_db-num>6867</Statistics_db-num>
      <Statistics_db-len>985383</Statistics_db-len>
      <Statistics_hsp-len>26</Statistics_hsp-len>
      <Statistics_eff-space>52617328974</Statistics_eff-space>
      <Statistics_kappa>0.46</Statistics_kappa>
      <Statistics_lambda>1.28</Statistics_lambda>
      <Statistics_entropy>0.85</Statistics_entropy>
    </Statistics>
  </Iteration_stat>
  <Iteration_message>No hits found</Iteration_message>
</Iteration>
<Iteration>
  <Iteration_iter-num>27</Iteration_iter-num>
  <Iteration_query-ID>Query_27</Iteration_query-ID>
  <Iteration_query-def>NW_025920066.1 Vespa velutina unplaced genomic scaffold, iVesVel2.1, whole genome shotgun sequence</Iteration_query-def>
  <Iteration_query-len>56907</Iteration_query-len>
<Iteration_hits>
</Iteration_hits>
  <Iteration_stat>
    <Statistics>
      <Statistics_db-num>6867</Statistics_db-num>
      <Statistics_db-len>985383</Statistics_db-len>
      <Statistics_hsp-len>26</Statistics_hsp-len>
      <Statistics_eff-space>52617328974</Statistics_eff-space>
      <Statistics_kappa>0.46</Statistics_kappa>
      <Statistics_lambda>1.28</Statistics_lambda>
      <Statistics_entropy>0.85</Statistics_entropy>
    </Statistics>
  </Iteration_stat>
  <Iteration_message>No hits found</Iteration_message>
</Iteration>
<Iteration>
  <Iteration_iter-num>28</Iteration_iter-num>
  <Iteration_query-ID>Query_28</Iteration_query-ID>
  <Iteration_query-def>NW_025920067.1 Vespa velutina unplaced genomic scaffold, iVesVel2.1, whole genome shotgun sequence</Iteration_query-def>
  <Iteration_query-len>51175</Iteration_query-len>
<Iteration_hits>
</Iteration_hits>
  <Iteration_stat>
    <Statistics>
      <Statistics_db-num>6867</Statistics_db-num>
      <Statistics_db-len>985383</Statistics_db-len>
      <Statistics_hsp-len>26</Statistics_hsp-len>
      <Statistics_eff-space>52617328974</Statistics_eff-space>
      <Statistics_kappa>0.46</Statistics_kappa>
      <Statistics_lambda>1.28</Statistics_lambda>
      <Statistics_entropy>0.85</Statistics_entropy>
    </Statistics>
  </Iteration_stat>
  <Iteration_message>No hits found</Iteration_message>
</Iteration>
<Iteration>
  <Iteration_iter-num>29</Iteration_iter-num>
  <Iteration_query-ID>Query_29</Iteration_query-ID>
  <Iteration_query-def>NW_025920068.1 Vespa velutina unplaced genomic scaffold, iVesVel2.1, whole genome shotgun sequence</Iteration_query-def>
  <Iteration_query-len>44586</Iteration_query-len>
<Iteration_hits>
</Iteration_hits>
  <Iteration_stat>
    <Statistics>
      <Statistics_db-num>6867</Statistics_db-num>
      <Statistics_db-len>985383</Statistics_db-len>
      <Statistics_hsp-len>26</Statistics_hsp-len>
      <Statistics_eff-space>52617328974</Statistics_eff-space>
      <Statistics_kappa>0.46</Statistics_kappa>
      <Statistics_lambda>1.28</Statistics_lambda>
      <Statistics_entropy>0.85</Statistics_entropy>
    </Statistics>
  </Iteration_stat>
  <Iteration_message>No hits found</Iteration_message>
</Iteration>
<Iteration>
  <Iteration_iter-num>30</Iteration_iter-num>
  <Iteration_query-ID>Query_30</Iteration_query-ID>
  <Iteration_query-def>NW_025920069.1 Vespa velutina unplaced genomic scaffold, iVesVel2.1, whole genome shotgun sequence</Iteration_query-def>
  <Iteration_query-len>35264</Iteration_query-len>
<Iteration_hits>
</Iteration_hits>
  <Iteration_stat>
    <Statistics>
      <Statistics_db-num>6867</Statistics_db-num>
      <Statistics_db-len>985383</Statistics_db-len>
      <Statistics_hsp-len>26</Statistics_hsp-len>
      <Statistics_eff-space>52617328974</Statistics_eff-space>
      <Statistics_kappa>0.46</Statistics_kappa>
      <Statistics_lambda>1.28</Statistics_lambda>
      <Statistics_entropy>0.85</Statistics_entropy>
    </Statistics>
  </Iteration_stat>
  <Iteration_message>No hits found</Iteration_message>
</Iteration>
<Iteration>
  <Iteration_iter-num>31</Iteration_iter-num>
  <Iteration_query-ID>Query_31</Iteration_query-ID>
  <Iteration_query-def>NW_025920070.1 Vespa velutina unplaced genomic scaffold, iVesVel2.1, whole genome shotgun sequence</Iteration_query-def>
  <Iteration_query-len>34396</Iteration_query-len>
<Iteration_hits>
</Iteration_hits>
  <Iteration_stat>
    <Statistics>
      <Statistics_db-num>6867</Statistics_db-num>
      <Statistics_db-len>985383</Statistics_db-len>
      <Statistics_hsp-len>26</Statistics_hsp-len>
      <Statistics_eff-space>52617328974</Statistics_eff-space>
      <Statistics_kappa>0.46</Statistics_kappa>
      <Statistics_lambda>1.28</Statistics_lambda>
      <Statistics_entropy>0.85</Statistics_entropy>
    </Statistics>
  </Iteration_stat>
  <Iteration_message>No hits found</Iteration_message>
</Iteration>
<Iteration>
  <Iteration_iter-num>32</Iteration_iter-num>
  <Iteration_query-ID>Query_32</Iteration_query-ID>
  <Iteration_query-def>NW_025920071.1 Vespa velutina unplaced genomic scaffold, iVesVel2.1, whole genome shotgun sequence</Iteration_query-def>
  <Iteration_query-len>732820</Iteration_query-len>
<Iteration_hits>
</Iteration_hits>
  <Iteration_stat>
    <Statistics>
      <Statistics_db-num>6867</Statistics_db-num>
      <Statistics_db-len>985383</Statistics_db-len>
      <Statistics_hsp-len>26</Statistics_hsp-len>
      <Statistics_eff-space>52617328974</Statistics_eff-space>
      <Statistics_kappa>0.46</Statistics_kappa>
      <Statistics_lambda>1.28</Statistics_lambda>
      <Statistics_entropy>0.85</Statistics_entropy>
    </Statistics>
  </Iteration_stat>
  <Iteration_message>No hits found</Iteration_message>
</Iteration>
<Iteration>
  <Iteration_iter-num>33</Iteration_iter-num>
  <Iteration_query-ID>Query_33</Iteration_query-ID>
  <Iteration_query-def>NW_025920072.1 Vespa velutina unplaced genomic scaffold, iVesVel2.1, whole genome shotgun sequence</Iteration_query-def>
  <Iteration_query-len>656172</Iteration_query-len>
<Iteration_hits>
</Iteration_hits>
  <Iteration_stat>
    <Statistics>
      <Statistics_db-num>6867</Statistics_db-num>
      <Statistics_db-len>985383</Statistics_db-len>
      <Statistics_hsp-len>26</Statistics_hsp-len>
      <Statistics_eff-space>52617328974</Statistics_eff-space>
      <Statistics_kappa>0.46</Statistics_kappa>
      <Statistics_lambda>1.28</Statistics_lambda>
      <Statistics_entropy>0.85</Statistics_entropy>
    </Statistics>
  </Iteration_stat>
  <Iteration_message>No hits found</Iteration_message>
</Iteration>
<Iteration>
  <Iteration_iter-num>34</Iteration_iter-num>
  <Iteration_query-ID>Query_34</Iteration_query-ID>
  <Iteration_query-def>NW_025920073.1 Vespa velutina unplaced genomic scaffold, iVesVel2.1, whole genome shotgun sequence</Iteration_query-def>
  <Iteration_query-len>413289</Iteration_query-len>
<Iteration_hits>
</Iteration_hits>
  <Iteration_stat>
    <Statistics>
      <Statistics_db-num>6867</Statistics_db-num>
      <Statistics_db-len>985383</Statistics_db-len>
      <Statistics_hsp-len>26</Statistics_hsp-len>
      <Statistics_eff-space>52617328974</Statistics_eff-space>
      <Statistics_kappa>0.46</Statistics_kappa>
      <Statistics_lambda>1.28</Statistics_lambda>
      <Statistics_entropy>0.85</Statistics_entropy>
    </Statistics>
  </Iteration_stat>
  <Iteration_message>No hits found</Iteration_message>
</Iteration>
<Iteration>
  <Iteration_iter-num>35</Iteration_iter-num>
  <Iteration_query-ID>Query_35</Iteration_query-ID>
  <Iteration_query-def>NW_025920074.1 Vespa velutina unplaced genomic scaffold, iVesVel2.1, whole genome shotgun sequence</Iteration_query-def>
  <Iteration_query-len>238815</Iteration_query-len>
<Iteration_hits>
</Iteration_hits>
  <Iteration_stat>
    <Statistics>
      <Statistics_db-num>6867</Statistics_db-num>
      <Statistics_db-len>985383</Statistics_db-len>
      <Statistics_hsp-len>26</Statistics_hsp-len>
      <Statistics_eff-space>52617328974</Statistics_eff-space>
      <Statistics_kappa>0.46</Statistics_kappa>
      <Statistics_lambda>1.28</Statistics_lambda>
      <Statistics_entropy>0.85</Statistics_entropy>
    </Statistics>
  </Iteration_stat>
  <Iteration_message>No hits found</Iteration_message>
</Iteration>
<Iteration>
  <Iteration_iter-num>36</Iteration_iter-num>
  <Iteration_query-ID>Query_36</Iteration_query-ID>
  <Iteration_query-def>NW_025920075.1 Vespa velutina unplaced genomic scaffold, iVesVel2.1, whole genome shotgun sequence</Iteration_query-def>
  <Iteration_query-len>160084</Iteration_query-len>
<Iteration_hits>
</Iteration_hits>
  <Iteration_stat>
    <Statistics>
      <Statistics_db-num>6867</Statistics_db-num>
      <Statistics_db-len>985383</Statistics_db-len>
      <Statistics_hsp-len>26</Statistics_hsp-len>
      <Statistics_eff-space>52617328974</Statistics_eff-space>
      <Statistics_kappa>0.46</Statistics_kappa>
      <Statistics_lambda>1.28</Statistics_lambda>
      <Statistics_entropy>0.85</Statistics_entropy>
    </Statistics>
  </Iteration_stat>
  <Iteration_message>No hits found</Iteration_message>
</Iteration>
<Iteration>
  <Iteration_iter-num>37</Iteration_iter-num>
  <Iteration_query-ID>Query_37</Iteration_query-ID>
  <Iteration_query-def>NW_025920076.1 Vespa velutina unplaced genomic scaffold, iVesVel2.1, whole genome shotgun sequence</Iteration_query-def>
  <Iteration_query-len>135833</Iteration_query-len>
<Iteration_hits>
</Iteration_hits>
  <Iteration_stat>
    <Statistics>
      <Statistics_db-num>6867</Statistics_db-num>
      <Statistics_db-len>985383</Statistics_db-len>
      <Statistics_hsp-len>26</Statistics_hsp-len>
      <Statistics_eff-space>52617328974</Statistics_eff-space>
      <Statistics_kappa>0.46</Statistics_kappa>
      <Statistics_lambda>1.28</Statistics_lambda>
      <Statistics_entropy>0.85</Statistics_entropy>
    </Statistics>
  </Iteration_stat>
  <Iteration_message>No hits found</Iteration_message>
</Iteration>
<Iteration>
  <Iteration_iter-num>38</Iteration_iter-num>
  <Iteration_query-ID>Query_38</Iteration_query-ID>
  <Iteration_query-def>NW_025920077.1 Vespa velutina unplaced genomic scaffold, iVesVel2.1, whole genome shotgun sequence</Iteration_query-def>
  <Iteration_query-len>136057</Iteration_query-len>
<Iteration_hits>
</Iteration_hits>
  <Iteration_stat>
    <Statistics>
      <Statistics_db-num>6867</Statistics_db-num>
      <Statistics_db-len>985383</Statistics_db-len>
      <Statistics_hsp-len>26</Statistics_hsp-len>
      <Statistics_eff-space>52617328974</Statistics_eff-space>
      <Statistics_kappa>0.46</Statistics_kappa>
      <Statistics_lambda>1.28</Statistics_lambda>
      <Statistics_entropy>0.85</Statistics_entropy>
    </Statistics>
  </Iteration_stat>
  <Iteration_message>No hits found</Iteration_message>
</Iteration>
<Iteration>
  <Iteration_iter-num>39</Iteration_iter-num>
  <Iteration_query-ID>Query_39</Iteration_query-ID>
  <Iteration_query-def>NW_025920078.1 Vespa velutina unplaced genomic scaffold, iVesVel2.1, whole genome shotgun sequence</Iteration_query-def>
  <Iteration_query-len>111085</Iteration_query-len>
<Iteration_hits>
</Iteration_hits>
  <Iteration_stat>
    <Statistics>
      <Statistics_db-num>6867</Statistics_db-num>
      <Statistics_db-len>985383</Statistics_db-len>
      <Statistics_hsp-len>26</Statistics_hsp-len>
      <Statistics_eff-space>52617328974</Statistics_eff-space>
      <Statistics_kappa>0.46</Statistics_kappa>
      <Statistics_lambda>1.28</Statistics_lambda>
      <Statistics_entropy>0.85</Statistics_entropy>
    </Statistics>
  </Iteration_stat>
  <Iteration_message>No hits found</Iteration_message>
</Iteration>
<Iteration>
  <Iteration_iter-num>40</Iteration_iter-num>
  <Iteration_query-ID>Query_40</Iteration_query-ID>
  <Iteration_query-def>NW_025920079.1 Vespa velutina unplaced genomic scaffold, iVesVel2.1, whole genome shotgun sequence</Iteration_query-def>
  <Iteration_query-len>108806</Iteration_query-len>
<Iteration_hits>
</Iteration_hits>
  <Iteration_stat>
    <Statistics>
      <Statistics_db-num>6867</Statistics_db-num>
      <Statistics_db-len>985383</Statistics_db-len>
      <Statistics_hsp-len>26</Statistics_hsp-len>
      <Statistics_eff-space>52617328974</Statistics_eff-space>
      <Statistics_kappa>0.46</Statistics_kappa>
      <Statistics_lambda>1.28</Statistics_lambda>
      <Statistics_entropy>0.85</Statistics_entropy>
    </Statistics>
  </Iteration_stat>
  <Iteration_message>No hits found</Iteration_message>
</Iteration>
<Iteration>
  <Iteration_iter-num>41</Iteration_iter-num>
  <Iteration_query-ID>Query_41</Iteration_query-ID>
  <Iteration_query-def>NW_025920080.1 Vespa velutina unplaced genomic scaffold, iVesVel2.1, whole genome shotgun sequence</Iteration_query-def>
  <Iteration_query-len>99177</Iteration_query-len>
<Iteration_hits>
</Iteration_hits>
  <Iteration_stat>
    <Statistics>
      <Statistics_db-num>6867</Statistics_db-num>
      <Statistics_db-len>985383</Statistics_db-len>
      <Statistics_hsp-len>26</Statistics_hsp-len>
      <Statistics_eff-space>52617328974</Statistics_eff-space>
      <Statistics_kappa>0.46</Statistics_kappa>
      <Statistics_lambda>1.28</Statistics_lambda>
      <Statistics_entropy>0.85</Statistics_entropy>
    </Statistics>
  </Iteration_stat>
  <Iteration_message>No hits found</Iteration_message>
</Iteration>
<Iteration>
  <Iteration_iter-num>42</Iteration_iter-num>
  <Iteration_query-ID>Query_42</Iteration_query-ID>
  <Iteration_query-def>NW_025920081.1 Vespa velutina unplaced genomic scaffold, iVesVel2.1, whole genome shotgun sequence</Iteration_query-def>
  <Iteration_query-len>88143</Iteration_query-len>
<Iteration_hits>
</Iteration_hits>
  <Iteration_stat>
    <Statistics>
      <Statistics_db-num>6867</Statistics_db-num>
      <Statistics_db-len>985383</Statistics_db-len>
      <Statistics_hsp-len>26</Statistics_hsp-len>
      <Statistics_eff-space>52617328974</Statistics_eff-space>
      <Statistics_kappa>0.46</Statistics_kappa>
      <Statistics_lambda>1.28</Statistics_lambda>
      <Statistics_entropy>0.85</Statistics_entropy>
    </Statistics>
  </Iteration_stat>
  <Iteration_message>No hits found</Iteration_message>
</Iteration>
</BlastOutput_iterations>
</BlastOutput>

