<?xml version="1.0"?>
<!DOCTYPE BlastOutput PUBLIC "-//NCBI//NCBI BlastOutput/EN" "http://www.ncbi.nlm.nih.gov/dtd/NCBI_BlastOutput.dtd">
<BlastOutput>
  <BlastOutput_program>blastn</BlastOutput_program>
  <BlastOutput_version>BLASTN 2.15.0+</BlastOutput_version>
  <BlastOutput_reference>Zheng Zhang, Scott Schwartz, Lukas Wagner, and Webb Miller (2000), &quot;A greedy algorithm for aligning DNA sequences&quot;, J Comput Biol 2000; 7(1-2):203-14.</BlastOutput_reference>
  <BlastOutput_db>current2/aliasdb</BlastOutput_db>
  <BlastOutput_query-ID>Query_1</BlastOutput_query-ID>
  <BlastOutput_query-def>NC_085107.1 Bombyx mori chromosome 1, ASM3026992v2</BlastOutput_query-def>
  <BlastOutput_query-len>20733010</BlastOutput_query-len>
  <BlastOutput_param>
    <Parameters>
      <Parameters_expect>10</Parameters_expect>
      <Parameters_sc-match>1</Parameters_sc-match>
      <Parameters_sc-mismatch>-2</Parameters_sc-mismatch>
      <Parameters_gap-open>0</Parameters_gap-open>
      <Parameters_gap-extend>0</Parameters_gap-extend>
      <Parameters_filter>L;m;</Parameters_filter>
    </Parameters>
  </BlastOutput_param>
<BlastOutput_iterations>
<Iteration>
  <Iteration_iter-num>1</Iteration_iter-num>
  <Iteration_query-ID>Query_1</Iteration_query-ID>
  <Iteration_query-def>NC_085107.1 Bombyx mori chromosome 1, ASM3026992v2</Iteration_query-def>
  <Iteration_query-len>20733010</Iteration_query-len>
<Iteration_hits>
</Iteration_hits>
  <Iteration_stat>
    <Statistics>
      <Statistics_db-num>1449</Statistics_db-num>
      <Statistics_db-len>202584</Statistics_db-len>
      <Statistics_hsp-len>30</Statistics_hsp-len>
      <Statistics_eff-space>3298907379720</Statistics_eff-space>
      <Statistics_kappa>0.46</Statistics_kappa>
      <Statistics_lambda>1.28</Statistics_lambda>
      <Statistics_entropy>0.85</Statistics_entropy>
    </Statistics>
  </Iteration_stat>
  <Iteration_message>No hits found</Iteration_message>
</Iteration>
<Iteration>
  <Iteration_iter-num>2</Iteration_iter-num>
  <Iteration_query-ID>Query_2</Iteration_query-ID>
  <Iteration_query-def>NC_085108.1 Bombyx mori chromosome 2, ASM3026992v2</Iteration_query-def>
  <Iteration_query-len>8414026</Iteration_query-len>
<Iteration_hits>
</Iteration_hits>
  <Iteration_stat>
    <Statistics>
      <Statistics_db-num>1449</Statistics_db-num>
      <Statistics_db-len>202584</Statistics_db-len>
      <Statistics_hsp-len>29</Statistics_hsp-len>
      <Statistics_eff-space>1350976600311</Statistics_eff-space>
      <Statistics_kappa>0.46</Statistics_kappa>
      <Statistics_lambda>1.28</Statistics_lambda>
      <Statistics_entropy>0.85</Statistics_entropy>
    </Statistics>
  </Iteration_stat>
  <Iteration_message>No hits found</Iteration_message>
</Iteration>
<Iteration>
  <Iteration_iter-num>3</Iteration_iter-num>
  <Iteration_query-ID>Query_3</Iteration_query-ID>
  <Iteration_query-def>NC_085109.1 Bombyx mori chromosome 3, ASM3026992v2</Iteration_query-def>
  <Iteration_query-len>15277987</Iteration_query-len>
<Iteration_hits>
</Iteration_hits>
  <Iteration_stat>
    <Statistics>
      <Statistics_db-num>1449</Statistics_db-num>
      <Statistics_db-len>202584</Statistics_db-len>
      <Statistics_hsp-len>30</Statistics_hsp-len>
      <Statistics_eff-space>2430936850098</Statistics_eff-space>
      <Statistics_kappa>0.46</Statistics_kappa>
      <Statistics_lambda>1.28</Statistics_lambda>
      <Statistics_entropy>0.85</Statistics_entropy>
    </Statistics>
  </Iteration_stat>
  <Iteration_message>No hits found</Iteration_message>
</Iteration>
<Iteration>
  <Iteration_iter-num>4</Iteration_iter-num>
  <Iteration_query-ID>Query_4</Iteration_query-ID>
  <Iteration_query-def>NC_085110.1 Bombyx mori chromosome 4, ASM3026992v2</Iteration_query-def>
  <Iteration_query-len>18979991</Iteration_query-len>
<Iteration_hits>
</Iteration_hits>
  <Iteration_stat>
    <Statistics>
      <Statistics_db-num>1449</Statistics_db-num>
      <Statistics_db-len>202584</Statistics_db-len>
      <Statistics_hsp-len>30</Statistics_hsp-len>
      <Statistics_eff-space>3019977514554</Statistics_eff-space>
      <Statistics_kappa>0.46</Statistics_kappa>
      <Statistics_lambda>1.28</Statistics_lambda>
      <Statistics_entropy>0.85</Statistics_entropy>
    </Statistics>
  </Iteration_stat>
  <Iteration_message>No hits found</Iteration_message>
</Iteration>
<Iteration>
  <Iteration_iter-num>5</Iteration_iter-num>
  <Iteration_query-ID>Query_5</Iteration_query-ID>
  <Iteration_query-def>NC_085111.1 Bombyx mori chromosome 5, ASM3026992v2</Iteration_query-def>
  <Iteration_query-len>19040149</Iteration_query-len>
<Iteration_hits>
</Iteration_hits>
  <Iteration_stat>
    <Statistics>
      <Statistics_db-num>1449</Statistics_db-num>
      <Statistics_db-len>202584</Statistics_db-len>
      <Statistics_hsp-len>30</Statistics_hsp-len>
      <Statistics_eff-space>3029549494566</Statistics_eff-space>
      <Statistics_kappa>0.46</Statistics_kappa>
      <Statistics_lambda>1.28</Statistics_lambda>
      <Statistics_entropy>0.85</Statistics_entropy>
    </Statistics>
  </Iteration_stat>
  <Iteration_message>No hits found</Iteration_message>
</Iteration>
<Iteration>
  <Iteration_iter-num>6</Iteration_iter-num>
  <Iteration_query-ID>Query_6</Iteration_query-ID>
  <Iteration_query-def>NC_085112.1 Bombyx mori chromosome 6, ASM3026992v2</Iteration_query-def>
  <Iteration_query-len>16776040</Iteration_query-len>
<Iteration_hits>
</Iteration_hits>
  <Iteration_stat>
    <Statistics>
      <Statistics_db-num>1449</Statistics_db-num>
      <Statistics_db-len>202584</Statistics_db-len>
      <Statistics_hsp-len>30</Statistics_hsp-len>
      <Statistics_eff-space>2669298055140</Statistics_eff-space>
      <Statistics_kappa>0.46</Statistics_kappa>
      <Statistics_lambda>1.28</Statistics_lambda>
      <Statistics_entropy>0.85</Statistics_entropy>
    </Statistics>
  </Iteration_stat>
  <Iteration_message>No hits found</Iteration_message>
</Iteration>
<Iteration>
  <Iteration_iter-num>7</Iteration_iter-num>
  <Iteration_query-ID>Query_7</Iteration_query-ID>
  <Iteration_query-def>NC_085113.1 Bombyx mori chromosome 7, ASM3026992v2</Iteration_query-def>
  <Iteration_query-len>13996402</Iteration_query-len>
<Iteration_hits>
</Iteration_hits>
  <Iteration_stat>
    <Statistics>
      <Statistics_db-num>1449</Statistics_db-num>
      <Statistics_db-len>202584</Statistics_db-len>
      <Statistics_hsp-len>30</Statistics_hsp-len>
      <Statistics_eff-space>2227018734408</Statistics_eff-space>
      <Statistics_kappa>0.46</Statistics_kappa>
      <Statistics_lambda>1.28</Statistics_lambda>
      <Statistics_entropy>0.85</Statistics_entropy>
    </Statistics>
  </Iteration_stat>
  <Iteration_message>No hits found</Iteration_message>
</Iteration>
<Iteration>
  <Iteration_iter-num>8</Iteration_iter-num>
  <Iteration_query-ID>Query_8</Iteration_query-ID>
  <Iteration_query-def>NC_085114.1 Bombyx mori chromosome 8, ASM3026992v2</Iteration_query-def>
  <Iteration_query-len>16310765</Iteration_query-len>
<Iteration_hits>
</Iteration_hits>
  <Iteration_stat>
    <Statistics>
      <Statistics_db-num>1449</Statistics_db-num>
      <Statistics_db-len>202584</Statistics_db-len>
      <Statistics_hsp-len>30</Statistics_hsp-len>
      <Statistics_eff-space>2595266288790</Statistics_eff-space>
      <Statistics_kappa>0.46</Statistics_kappa>
      <Statistics_lambda>1.28</Statistics_lambda>
      <Statistics_entropy>0.85</Statistics_entropy>
    </Statistics>
  </Iteration_stat>
  <Iteration_message>No hits found</Iteration_message>
</Iteration>
<Iteration>
  <Iteration_iter-num>9</Iteration_iter-num>
  <Iteration_query-ID>Query_9</Iteration_query-ID>
  <Iteration_query-def>NC_085115.1 Bombyx mori chromosome 9, ASM3026992v2</Iteration_query-def>
  <Iteration_query-len>16919606</Iteration_query-len>
<Iteration_hits>
</Iteration_hits>
  <Iteration_stat>
    <Statistics>
      <Statistics_db-num>1449</Statistics_db-num>
      <Statistics_db-len>202584</Statistics_db-len>
      <Statistics_hsp-len>30</Statistics_hsp-len>
      <Statistics_eff-space>2692141415664</Statistics_eff-space>
      <Statistics_kappa>0.46</Statistics_kappa>
      <Statistics_lambda>1.28</Statistics_lambda>
      <Statistics_entropy>0.85</Statistics_entropy>
    </Statistics>
  </Iteration_stat>
  <Iteration_message>No hits found</Iteration_message>
</Iteration>
<Iteration>
  <Iteration_iter-num>10</Iteration_iter-num>
  <Iteration_query-ID>Query_10</Iteration_query-ID>
  <Iteration_query-def>NC_085116.1 Bombyx mori chromosome 10, ASM3026992v2</Iteration_query-def>
  <Iteration_query-len>17797768</Iteration_query-len>
<Iteration_hits>
</Iteration_hits>
  <Iteration_stat>
    <Statistics>
      <Statistics_db-num>1449</Statistics_db-num>
      <Statistics_db-len>202584</Statistics_db-len>
      <Statistics_hsp-len>30</Statistics_hsp-len>
      <Statistics_eff-space>2831869284132</Statistics_eff-space>
      <Statistics_kappa>0.46</Statistics_kappa>
      <Statistics_lambda>1.28</Statistics_lambda>
      <Statistics_entropy>0.85</Statistics_entropy>
    </Statistics>
  </Iteration_stat>
  <Iteration_message>No hits found</Iteration_message>
</Iteration>
<Iteration>
  <Iteration_iter-num>11</Iteration_iter-num>
  <Iteration_query-ID>Query_11</Iteration_query-ID>
  <Iteration_query-def>NC_085117.1 Bombyx mori chromosome 11, ASM3026992v2</Iteration_query-def>
  <Iteration_query-len>20805025</Iteration_query-len>
<Iteration_hits>
</Iteration_hits>
  <Iteration_stat>
    <Statistics>
      <Statistics_db-num>1449</Statistics_db-num>
      <Statistics_db-len>202584</Statistics_db-len>
      <Statistics_hsp-len>30</Statistics_hsp-len>
      <Statistics_eff-space>3310365974430</Statistics_eff-space>
      <Statistics_kappa>0.46</Statistics_kappa>
      <Statistics_lambda>1.28</Statistics_lambda>
      <Statistics_entropy>0.85</Statistics_entropy>
    </Statistics>
  </Iteration_stat>
  <Iteration_message>No hits found</Iteration_message>
</Iteration>
<Iteration>
  <Iteration_iter-num>12</Iteration_iter-num>
  <Iteration_query-ID>Query_12</Iteration_query-ID>
  <Iteration_query-def>NC_085118.1 Bombyx mori chromosome 12, ASM3026992v2</Iteration_query-def>
  <Iteration_query-len>17838790</Iteration_query-len>
<Iteration_hits>
</Iteration_hits>
  <Iteration_stat>
    <Statistics>
      <Statistics_db-num>1449</Statistics_db-num>
      <Statistics_db-len>202584</Statistics_db-len>
      <Statistics_hsp-len>30</Statistics_hsp-len>
      <Statistics_eff-space>2838396458640</Statistics_eff-space>
      <Statistics_kappa>0.46</Statistics_kappa>
      <Statistics_lambda>1.28</Statistics_lambda>
      <Statistics_entropy>0.85</Statistics_entropy>
    </Statistics>
  </Iteration_stat>
  <Iteration_message>No hits found</Iteration_message>
</Iteration>
<Iteration>
  <Iteration_iter-num>13</Iteration_iter-num>
  <Iteration_query-ID>Query_13</Iteration_query-ID>
  <Iteration_query-def>NC_085119.1 Bombyx mori chromosome 13, ASM3026992v2</Iteration_query-def>
  <Iteration_query-len>17885526</Iteration_query-len>
<Iteration_hits>
</Iteration_hits>
  <Iteration_stat>
    <Statistics>
      <Statistics_db-num>1449</Statistics_db-num>
      <Statistics_db-len>202584</Statistics_db-len>
      <Statistics_hsp-len>30</Statistics_hsp-len>
      <Statistics_eff-space>2845832810544</Statistics_eff-space>
      <Statistics_kappa>0.46</Statistics_kappa>
      <Statistics_lambda>1.28</Statistics_lambda>
      <Statistics_entropy>0.85</Statistics_entropy>
    </Statistics>
  </Iteration_stat>
  <Iteration_message>No hits found</Iteration_message>
</Iteration>
<Iteration>
  <Iteration_iter-num>14</Iteration_iter-num>
  <Iteration_query-ID>Query_14</Iteration_query-ID>
  <Iteration_query-def>NC_085120.1 Bombyx mori chromosome 14, ASM3026992v2</Iteration_query-def>
  <Iteration_query-len>13341864</Iteration_query-len>
<Iteration_hits>
</Iteration_hits>
  <Iteration_stat>
    <Statistics>
      <Statistics_db-num>1449</Statistics_db-num>
      <Statistics_db-len>202584</Statistics_db-len>
      <Statistics_hsp-len>30</Statistics_hsp-len>
      <Statistics_eff-space>2122872575076</Statistics_eff-space>
      <Statistics_kappa>0.46</Statistics_kappa>
      <Statistics_lambda>1.28</Statistics_lambda>
      <Statistics_entropy>0.85</Statistics_entropy>
    </Statistics>
  </Iteration_stat>
  <Iteration_message>No hits found</Iteration_message>
</Iteration>
<Iteration>
  <Iteration_iter-num>15</Iteration_iter-num>
  <Iteration_query-ID>Query_15</Iteration_query-ID>
  <Iteration_query-def>NC_085121.1 Bombyx mori chromosome 15, ASM3026992v2</Iteration_query-def>
  <Iteration_query-len>18559688</Iteration_query-len>
<Iteration_hits>
</Iteration_hits>
  <Iteration_stat>
    <Statistics>
      <Statistics_db-num>1449</Statistics_db-num>
      <Statistics_db-len>202584</Statistics_db-len>
      <Statistics_hsp-len>30</Statistics_hsp-len>
      <Statistics_eff-space>2953101423012</Statistics_eff-space>
      <Statistics_kappa>0.46</Statistics_kappa>
      <Statistics_lambda>1.28</Statistics_lambda>
      <Statistics_entropy>0.85</Statistics_entropy>
    </Statistics>
  </Iteration_stat>
  <Iteration_message>No hits found</Iteration_message>
</Iteration>
<Iteration>
  <Iteration_iter-num>16</Iteration_iter-num>
  <Iteration_query-ID>Query_16</Iteration_query-ID>
  <Iteration_query-def>NC_085122.1 Bombyx mori chromosome 16, ASM3026992v2</Iteration_query-def>
  <Iteration_query-len>14454745</Iteration_query-len>
<Iteration_hits>
</Iteration_hits>
  <Iteration_stat>
    <Statistics>
      <Statistics_db-num>1449</Statistics_db-num>
      <Statistics_db-len>202584</Statistics_db-len>
      <Statistics_hsp-len>30</Statistics_hsp-len>
      <Statistics_eff-space>2299947522510</Statistics_eff-space>
      <Statistics_kappa>0.46</Statistics_kappa>
      <Statistics_lambda>1.28</Statistics_lambda>
      <Statistics_entropy>0.85</Statistics_entropy>
    </Statistics>
  </Iteration_stat>
  <Iteration_message>No hits found</Iteration_message>
</Iteration>
<Iteration>
  <Iteration_iter-num>17</Iteration_iter-num>
  <Iteration_query-ID>Query_17</Iteration_query-ID>
  <Iteration_query-def>NC_085123.1 Bombyx mori chromosome 17, ASM3026992v2</Iteration_query-def>
  <Iteration_query-len>16894347</Iteration_query-len>
<Iteration_hits>
</Iteration_hits>
  <Iteration_stat>
    <Statistics>
      <Statistics_db-num>1449</Statistics_db-num>
      <Statistics_db-len>202584</Statistics_db-len>
      <Statistics_hsp-len>30</Statistics_hsp-len>
      <Statistics_eff-space>2688122355138</Statistics_eff-space>
      <Statistics_kappa>0.46</Statistics_kappa>
      <Statistics_lambda>1.28</Statistics_lambda>
      <Statistics_entropy>0.85</Statistics_entropy>
    </Statistics>
  </Iteration_stat>
  <Iteration_message>No hits found</Iteration_message>
</Iteration>
<Iteration>
  <Iteration_iter-num>18</Iteration_iter-num>
  <Iteration_query-ID>Query_18</Iteration_query-ID>
  <Iteration_query-def>NC_085124.1 Bombyx mori chromosome 18, ASM3026992v2</Iteration_query-def>
  <Iteration_query-len>15957419</Iteration_query-len>
<Iteration_hits>
</Iteration_hits>
  <Iteration_stat>
    <Statistics>
      <Statistics_db-num>1449</Statistics_db-num>
      <Statistics_db-len>202584</Statistics_db-len>
      <Statistics_hsp-len>30</Statistics_hsp-len>
      <Statistics_eff-space>2539043993346</Statistics_eff-space>
      <Statistics_kappa>0.46</Statistics_kappa>
      <Statistics_lambda>1.28</Statistics_lambda>
      <Statistics_entropy>0.85</Statistics_entropy>
    </Statistics>
  </Iteration_stat>
  <Iteration_message>No hits found</Iteration_message>
</Iteration>
<Iteration>
  <Iteration_iter-num>19</Iteration_iter-num>
  <Iteration_query-ID>Query_19</Iteration_query-ID>
  <Iteration_query-def>NC_085125.1 Bombyx mori chromosome 19, ASM3026992v2</Iteration_query-def>
  <Iteration_query-len>15031942</Iteration_query-len>
<Iteration_hits>
</Iteration_hits>
  <Iteration_stat>
    <Statistics>
      <Statistics_db-num>1449</Statistics_db-num>
      <Statistics_db-len>202584</Statistics_db-len>
      <Statistics_hsp-len>30</Statistics_hsp-len>
      <Statistics_eff-space>2391787645968</Statistics_eff-space>
      <Statistics_kappa>0.46</Statistics_kappa>
      <Statistics_lambda>1.28</Statistics_lambda>
      <Statistics_entropy>0.85</Statistics_entropy>
    </Statistics>
  </Iteration_stat>
  <Iteration_message>No hits found</Iteration_message>
</Iteration>
<Iteration>
  <Iteration_iter-num>20</Iteration_iter-num>
  <Iteration_query-ID>Query_20</Iteration_query-ID>
  <Iteration_query-def>NC_085126.1 Bombyx mori chromosome 20, ASM3026992v2</Iteration_query-def>
  <Iteration_query-len>12711775</Iteration_query-len>
<Iteration_hits>
</Iteration_hits>
  <Iteration_stat>
    <Statistics>
      <Statistics_db-num>1449</Statistics_db-num>
      <Statistics_db-len>202584</Statistics_db-len>
      <Statistics_hsp-len>30</Statistics_hsp-len>
      <Statistics_eff-space>2022616593930</Statistics_eff-space>
      <Statistics_kappa>0.46</Statistics_kappa>
      <Statistics_lambda>1.28</Statistics_lambda>
      <Statistics_entropy>0.85</Statistics_entropy>
    </Statistics>
  </Iteration_stat>
  <Iteration_message>No hits found</Iteration_message>
</Iteration>
<Iteration>
  <Iteration_iter-num>21</Iteration_iter-num>
  <Iteration_query-ID>Query_21</Iteration_query-ID>
  <Iteration_query-def>NC_085127.1 Bombyx mori chromosome 21, ASM3026992v2</Iteration_query-def>
  <Iteration_query-len>15385712</Iteration_query-len>
<Iteration_hits>
</Iteration_hits>
  <Iteration_stat>
    <Statistics>
      <Statistics_db-num>1449</Statistics_db-num>
      <Statistics_db-len>202584</Statistics_db-len>
      <Statistics_hsp-len>30</Statistics_hsp-len>
      <Statistics_eff-space>2448077405748</Statistics_eff-space>
      <Statistics_kappa>0.46</Statistics_kappa>
      <Statistics_lambda>1.28</Statistics_lambda>
      <Statistics_entropy>0.85</Statistics_entropy>
    </Statistics>
  </Iteration_stat>
  <Iteration_message>No hits found</Iteration_message>
</Iteration>
<Iteration>
  <Iteration_iter-num>22</Iteration_iter-num>
  <Iteration_query-ID>Query_22</Iteration_query-ID>
  <Iteration_query-def>NC_085128.1 Bombyx mori chromosome 22, ASM3026992v2</Iteration_query-def>
  <Iteration_query-len>18552276</Iteration_query-len>
<Iteration_hits>
</Iteration_hits>
  <Iteration_stat>
    <Statistics>
      <Statistics_db-num>1449</Statistics_db-num>
      <Statistics_db-len>202584</Statistics_db-len>
      <Statistics_hsp-len>30</Statistics_hsp-len>
      <Statistics_eff-space>2951922070044</Statistics_eff-space>
      <Statistics_kappa>0.46</Statistics_kappa>
      <Statistics_lambda>1.28</Statistics_lambda>
      <Statistics_entropy>0.85</Statistics_entropy>
    </Statistics>
  </Iteration_stat>
  <Iteration_message>No hits found</Iteration_message>
</Iteration>
<Iteration>
  <Iteration_iter-num>23</Iteration_iter-num>
  <Iteration_query-ID>Query_23</Iteration_query-ID>
  <Iteration_query-def>NC_085129.1 Bombyx mori chromosome 23, ASM3026992v2</Iteration_query-def>
  <Iteration_query-len>21557352</Iteration_query-len>
<Iteration_hits>
</Iteration_hits>
  <Iteration_stat>
    <Statistics>
      <Statistics_db-num>1449</Statistics_db-num>
      <Statistics_db-len>202584</Statistics_db-len>
      <Statistics_hsp-len>30</Statistics_hsp-len>
      <Statistics_eff-space>3430071732708</Statistics_eff-space>
      <Statistics_kappa>0.46</Statistics_kappa>
      <Statistics_lambda>1.28</Statistics_lambda>
      <Statistics_entropy>0.85</Statistics_entropy>
    </Statistics>
  </Iteration_stat>
  <Iteration_message>No hits found</Iteration_message>
</Iteration>
<Iteration>
  <Iteration_iter-num>24</Iteration_iter-num>
  <Iteration_query-ID>Query_24</Iteration_query-ID>
  <Iteration_query-def>NC_085130.1 Bombyx mori chromosome 24, ASM3026992v2</Iteration_query-def>
  <Iteration_query-len>19285218</Iteration_query-len>
<Iteration_hits>
</Iteration_hits>
  <Iteration_stat>
    <Statistics>
      <Statistics_db-num>1449</Statistics_db-num>
      <Statistics_db-len>202584</Statistics_db-len>
      <Statistics_hsp-len>30</Statistics_hsp-len>
      <Statistics_eff-space>3068543403432</Statistics_eff-space>
      <Statistics_kappa>0.46</Statistics_kappa>
      <Statistics_lambda>1.28</Statistics_lambda>
      <Statistics_entropy>0.85</Statistics_entropy>
    </Statistics>
  </Iteration_stat>
  <Iteration_message>No hits found</Iteration_message>
</Iteration>
<Iteration>
  <Iteration_iter-num>25</Iteration_iter-num>
  <Iteration_query-ID>Query_25</Iteration_query-ID>
  <Iteration_query-def>NC_085131.1 Bombyx mori chromosome 25, ASM3026992v2</Iteration_query-def>
  <Iteration_query-len>14584101</Iteration_query-len>
<Iteration_hits>
</Iteration_hits>
  <Iteration_stat>
    <Statistics>
      <Statistics_db-num>1449</Statistics_db-num>
      <Statistics_db-len>202584</Statistics_db-len>
      <Statistics_hsp-len>30</Statistics_hsp-len>
      <Statistics_eff-space>2320529873094</Statistics_eff-space>
      <Statistics_kappa>0.46</Statistics_kappa>
      <Statistics_lambda>1.28</Statistics_lambda>
      <Statistics_entropy>0.85</Statistics_entropy>
    </Statistics>
  </Iteration_stat>
  <Iteration_message>No hits found</Iteration_message>
</Iteration>
<Iteration>
  <Iteration_iter-num>26</Iteration_iter-num>
  <Iteration_query-ID>Query_26</Iteration_query-ID>
  <Iteration_query-def>NC_085132.1 Bombyx mori chromosome 26, ASM3026992v2</Iteration_query-def>
  <Iteration_query-len>11612109</Iteration_query-len>
<Iteration_hits>
</Iteration_hits>
  <Iteration_stat>
    <Statistics>
      <Statistics_db-num>1449</Statistics_db-num>
      <Statistics_db-len>202584</Statistics_db-len>
      <Statistics_hsp-len>30</Statistics_hsp-len>
      <Statistics_eff-space>1847644338006</Statistics_eff-space>
      <Statistics_kappa>0.46</Statistics_kappa>
      <Statistics_lambda>1.28</Statistics_lambda>
      <Statistics_entropy>0.85</Statistics_entropy>
    </Statistics>
  </Iteration_stat>
  <Iteration_message>No hits found</Iteration_message>
</Iteration>
<Iteration>
  <Iteration_iter-num>27</Iteration_iter-num>
  <Iteration_query-ID>Query_27</Iteration_query-ID>
  <Iteration_query-def>NC_085133.1 Bombyx mori chromosome 27, ASM3026992v2</Iteration_query-def>
  <Iteration_query-len>11089506</Iteration_query-len>
<Iteration_hits>
</Iteration_hits>
  <Iteration_stat>
    <Statistics>
      <Statistics_db-num>1449</Statistics_db-num>
      <Statistics_db-len>202584</Statistics_db-len>
      <Statistics_hsp-len>30</Statistics_hsp-len>
      <Statistics_eff-space>1764490884264</Statistics_eff-space>
      <Statistics_kappa>0.46</Statistics_kappa>
      <Statistics_lambda>1.28</Statistics_lambda>
      <Statistics_entropy>0.85</Statistics_entropy>
    </Statistics>
  </Iteration_stat>
  <Iteration_message>No hits found</Iteration_message>
</Iteration>
<Iteration>
  <Iteration_iter-num>28</Iteration_iter-num>
  <Iteration_query-ID>Query_28</Iteration_query-ID>
  <Iteration_query-def>NC_085134.1 Bombyx mori chromosome 28, ASM3026992v2</Iteration_query-def>
  <Iteration_query-len>10674691</Iteration_query-len>
<Iteration_hits>
</Iteration_hits>
  <Iteration_stat>
    <Statistics>
      <Statistics_db-num>1449</Statistics_db-num>
      <Statistics_db-len>202584</Statistics_db-len>
      <Statistics_hsp-len>30</Statistics_hsp-len>
      <Statistics_eff-space>1698488010354</Statistics_eff-space>
      <Statistics_kappa>0.46</Statistics_kappa>
      <Statistics_lambda>1.28</Statistics_lambda>
      <Statistics_entropy>0.85</Statistics_entropy>
    </Statistics>
  </Iteration_stat>
  <Iteration_message>No hits found</Iteration_message>
</Iteration>
<Iteration>
  <Iteration_iter-num>29</Iteration_iter-num>
  <Iteration_query-ID>Query_29</Iteration_query-ID>
  <Iteration_query-def>NC_085135.1 Bombyx mori chromosome W, ASM3026992v2</Iteration_query-def>
  <Iteration_query-len>11221128</Iteration_query-len>
<Iteration_hits>
</Iteration_hits>
  <Iteration_stat>
    <Statistics>
      <Statistics_db-num>1449</Statistics_db-num>
      <Statistics_db-len>202584</Statistics_db-len>
      <Statistics_hsp-len>30</Statistics_hsp-len>
      <Statistics_eff-space>1785433787172</Statistics_eff-space>
      <Statistics_kappa>0.46</Statistics_kappa>
      <Statistics_lambda>1.28</Statistics_lambda>
      <Statistics_entropy>0.85</Statistics_entropy>
    </Statistics>
  </Iteration_stat>
  <Iteration_message>No hits found</Iteration_message>
</Iteration>
<Iteration>
  <Iteration_iter-num>30</Iteration_iter-num>
  <Iteration_query-ID>Query_30</Iteration_query-ID>
  <Iteration_query-def>NC_002355.1 Bombyx mori mitochondrion, complete genome</Iteration_query-def>
  <Iteration_query-len>15643</Iteration_query-len>
<Iteration_hits>
</Iteration_hits>
  <Iteration_stat>
    <Statistics>
      <Statistics_db-num>1449</Statistics_db-num>
      <Statistics_db-len>202584</Statistics_db-len>
      <Statistics_hsp-len>22</Statistics_hsp-len>
      <Statistics_eff-space>2666598426</Statistics_eff-space>
      <Statistics_kappa>0.46</Statistics_kappa>
      <Statistics_lambda>1.28</Statistics_lambda>
      <Statistics_entropy>0.85</Statistics_entropy>
    </Statistics>
  </Iteration_stat>
  <Iteration_message>No hits found</Iteration_message>
</Iteration>
</BlastOutput_iterations>
</BlastOutput>

